sample-id	barcode	name	distanceBR	floor	commons
categorical		categorical	categorical	categorical	categorical
F1A	TAGCGACGGA+TGAACGTTAC	F1A	far	1	Gandhi
F1B	TCGAACACGA+AGAACCTCGC	F1B	far	1	Gandhi
F1C	TTACTTCGTG+ATCCGATCTT	F1C	far	1	Gandhi
F1D	ACGAGACGTC+AGAGAGACCG	F1D	far	1	Gandhi
F1E	CATAAGCGAC+CTTGAAGAGG	F1E	far	1	Gandhi
F2A	AACTCTCTAC+GAGAAGCCGT	F2A	far	1	Turing
F2B	GTATGCCACA+GAAGACTCGG	F2B	far	1	Turing
F2C	GCCAACAGAC+AACGTGAACG	F2C	far	1	Turing
F2D	ATAAGCGGAG+CGTAGAACAG	F2D	far	1	Turing
F2E	TCCAACTGAA+CCTACGGACA	F2E	far	1	Turing
F3A	ATTCGGCTTA+CGGACGTTAA	F3A	far	2	Hopper
F3B	TATGGCAAGC+CATTGCTGTT	F3B	far	2	Hopper
F3C	GTACAGACCG+CCATTAGAAC	F3C	far	2	Hopper
F3E	GCCACCTAGT+ATACATCGCA	F3E	far	2	Hopper
N1A	AGTATCCGAT+TAGCGCAATA	N1A	near	2	Carver
N1B	CCTCGTTGGA+TAACGCAGTC	N1B	near	2	Carver
N1C	CGACCTTAAT+ACCTAAGAGC	N1C	near	2	Carver
N1D	GAACCGCATT+AGGCATAATG	N1D	near	2	Carver
N1E	CGCGGTATCT+GATCGGTAAT	N1E	near	2	Carver
N2A	ACTCCGAAGC+GCAACACGGA	N2A	near	2	Newton
N2B	CGATGTCTTG+GAACGTTCGG	N2B	near	2	Newton
N2D	CTCCGCCATA+TGCTGAACGC	N2D	near	2	Newton
N2E	AACGAAGATC+TTAGACCACA	N2E	near	2	Newton
N3A	AATAGGTAGG+CCATAAGCCA	N3A	near	1	Galileo
N3B	ATGTTGCCAC+ATGGCTTCTA	N3B	near	1	Galileo
N3C	ACAACAGGCT+CAACAGTGGA	N3C	near	1	Galileo
N3D	TATCCGCGTC+ACGATGCAAC	N3D	near	1	Galileo
N3E	AATCTGCAGT+TCACTTCGCA	N3E	near	1	Galileo
ZymoMockDNA_1925	GTGCTCTAGG+CGTTGGTAAC	ZymoMockDNA_1925	N/A	N/A	N/A
